
-- Adminer 4.7.1 PostgreSQL dump

DROP TABLE IF EXISTS "gejala";
DROP SEQUENCE IF EXISTS gejala_id_seq;
CREATE SEQUENCE gejala_id_seq INCREMENT 1 MINVALUE 1 MAXVALUE 2147483647 START 1 CACHE 1;

CREATE TABLE "public"."gejala" (
    "id" integer DEFAULT nextval('gejala_id_seq') NOT NULL,
    "nama" character varying(250) NOT NULL,
    "keterangan" text,
    "deleted" boolean NOT NULL,
    CONSTRAINT "gejala_pkey" PRIMARY KEY ("id")
) WITH (oids = false);

INSERT INTO "gejala" ("id", "nama", "keterangan", "deleted") VALUES
(1,	'demam',	'',	'0'),
(2,	'sakit gigi',	'',	'0'),
(3,	'dentin terlihat',	'',	'0'),
(4,	'Gigi berubang',	'',	'0'),
(5,	'Bau mulut tak sedap',	'',	'0'),
(6,	'infeksi jaringan pulpa',	'',	'0'),
(7,	'gigi ngilu saat terkena ransangan (panas atau dingin)',	'',	'0'),
(8,	'gigi berwarna coklat, hitam atau putih pada permukaan gigi',	'',	'0'),
(9,	'gusi nyeri',	'',	'0'),
(10,	'gusi gatal',	'',	'0'),
(11,	'gusi bengkak',	'',	'0'),
(12,	'gusi mudah berdarah',	'',	'0'),
(13,	'gusi merah terang',	'',	'0'),
(14,	'terdapat endapan plak',	'',	'0'),
(15,	'terdapat karag gigi',	'',	'0'),
(16,	'rongga terbentuk di antara gigi (nanah terbentuk)',	'',	'0'),
(17,	'nanah pada pangkal gusi',	'',	'0'),
(18,	'nyeri saat mengunyah',	'',	'0'),
(19,	'lubang sangat besarpada gigi',	'',	'0'),
(20,	'ruang pulpa terbuka',	'',	'0'),
(21,	'gigi tampak lebih kuning',	'',	'0'),
(22,	'tepi gigi menjadi tidak teratur dan kasar',	'',	'0'),
(23,	'Gigi goyang',	'',	'0');

DROP TABLE IF EXISTS "gejala_slot";
DROP SEQUENCE IF EXISTS gejala_slot_id_seq;
CREATE SEQUENCE gejala_slot_id_seq INCREMENT 1 MINVALUE 1 MAXVALUE 2147483647 START 1 CACHE 1;

CREATE TABLE "public"."gejala_slot" (
    "id" integer DEFAULT nextval('gejala_slot_id_seq') NOT NULL,
    "gejala_id" integer,
    "rule_id" integer,
    "weight" double precision NOT NULL,
    "vorder" integer DEFAULT '0',
    CONSTRAINT "gejala_slot_pkey" PRIMARY KEY ("id"),
    CONSTRAINT "gejala_slot_gejala_id_fkey" FOREIGN KEY (gejala_id) REFERENCES gejala(id) NOT DEFERRABLE,
    CONSTRAINT "gejala_slot_rule_id_fkey" FOREIGN KEY (rule_id) REFERENCES rule(id) ON DELETE CASCADE NOT DEFERRABLE
) WITH (oids = false);

INSERT INTO "gejala_slot" ("id", "gejala_id", "rule_id", "weight", "vorder") VALUES
(62,	5,	9,	0.1,	1),
(63,	9,	9,	0.2,	2),
(64,	10,	9,	0.4,	3),
(65,	11,	9,	0.1,	4),
(66,	12,	9,	0.7,	5),
(67,	13,	9,	0.5,	6),
(68,	14,	9,	0.5,	7),
(69,	15,	9,	0.6,	8),
(70,	1,	10,	0.8,	1),
(71,	2,	10,	0.4,	2),
(72,	3,	10,	0.2,	3),
(73,	4,	10,	0.9,	4),
(74,	5,	10,	0.1,	5),
(75,	6,	10,	0.5,	6),
(76,	7,	10,	0.8,	7),
(77,	8,	10,	0.2,	8),
(78,	5,	11,	0.1,	1),
(79,	9,	11,	0.2,	2),
(80,	11,	11,	0.1,	3),
(81,	12,	11,	0.7,	4),
(82,	13,	11,	0.5,	5),
(83,	14,	11,	0.5,	6),
(84,	15,	11,	0.6,	7),
(85,	16,	11,	0.1,	8),
(86,	23,	11,	0.3,	9),
(87,	1,	12,	0.6,	1),
(88,	5,	12,	0.1,	2),
(89,	11,	12,	0.1,	3),
(90,	12,	12,	0.7,	4),
(91,	13,	12,	0.5,	5),
(92,	14,	12,	0.5,	6),
(93,	15,	12,	0.6,	7),
(94,	17,	12,	0.8,	8),
(95,	18,	12,	0.7,	9),
(96,	2,	13,	0.4,	1),
(97,	4,	13,	0.9,	2),
(98,	6,	13,	0.5,	3),
(99,	12,	13,	0.7,	4),
(100,	18,	13,	0.7,	5),
(101,	19,	13,	0.4,	6),
(102,	20,	13,	0.9,	7),
(103,	2,	14,	0.4,	1),
(104,	7,	14,	0.8,	2),
(105,	21,	14,	0.6,	3),
(106,	22,	14,	0.8,	4);

DROP TABLE IF EXISTS "medic_record";
DROP SEQUENCE IF EXISTS medic_record_id_seq;
CREATE SEQUENCE medic_record_id_seq INCREMENT 1 MINVALUE 1 MAXVALUE 2147483647 START 1 CACHE 1;

CREATE TABLE "public"."medic_record" (
    "id" integer DEFAULT nextval('medic_record_id_seq') NOT NULL,
    "waktu" timestamp,
    "keterangan" text,
    "user_id" integer,
    "meta" json,
    CONSTRAINT "medic_record_pkey" PRIMARY KEY ("id"),
    CONSTRAINT "medic_record_user_id_fkey" FOREIGN KEY (user_id) REFERENCES "user"(id) NOT DEFERRABLE
) WITH (oids = false);

INSERT INTO "medic_record" ("id", "waktu", "keterangan", "user_id", "meta") VALUES
(12,	'2019-03-26 20:08:25.118891',	NULL,	3,	'{"vucr": [{"penyakit": 2, "slots": [{"id": 62, "gejala_id": 5, "weight": 0.1, "vorder": 1, "vur": 0.0625, "vur_norm": 0.03773584905660377, "credit": 1, "credit_norm": 0.125}, {"id": 63, "gejala_id": 9, "weight": 0.2, "vorder": 2, "vur": 0.0625, "vur_norm": 0.03773584905660377, "credit": 1, "credit_norm": 0.125}, {"id": 64, "gejala_id": 10, "weight": 0.4, "vorder": 3, "vur": 0.046875, "vur_norm": 0.02830188679245283, "credit": 1, "credit_norm": 0.125}, {"id": 65, "gejala_id": 11, "weight": 0.1, "vorder": 4, "vur": 0.1875, "vur_norm": 0.11320754716981132, "credit": 1, "credit_norm": 0.125}, {"id": 66, "gejala_id": 12, "weight": 0.7, "vorder": 5, "vur": 0.3125, "vur_norm": 0.18867924528301888, "credit": 1, "credit_norm": 0.125}, {"id": 67, "gejala_id": 13, "weight": 0.5, "vorder": 6, "vur": 0.28125, "vur_norm": 0.16981132075471697, "credit": 1, "credit_norm": 0.125}, {"id": 68, "gejala_id": 14, "weight": 0.5, "vorder": 7, "vur": 0.328125, "vur_norm": 0.19811320754716982, "credit": 1, "credit_norm": 0.125}, {"id": 69, "gejala_id": 15, "weight": 0.6, "vorder": 8, "vur": 0.375, "vur_norm": 0.22641509433962265, "credit": 1, "credit_norm": 0.125}], "nurj": 0.5625, "rur": 0.0703125, "total_VUR": 4.5, "total_vur": 1.65625, "total_vur_norm": 1.0, "nur": 0.125, "believe": 0}, {"penyakit": 1, "slots": [{"id": 70, "gejala_id": 1, "weight": 0.8, "vorder": 1, "vur": 0.02358490566037736, "vur_norm": 0.020080321285140562, "credit": 1, "credit_norm": 0.09433962264150944}, {"id": 71, "gejala_id": 2, "weight": 0.4, "vorder": 2, "vur": 0.07075471698113209, "vur_norm": 0.06024096385542169, "credit": 1, "credit_norm": 0.09433962264150944}, {"id": 72, "gejala_id": 3, "weight": 0.2, "vorder": 3, "vur": 0.04245283018867925, "vur_norm": 0.03614457831325302, "credit": 1.2, "credit_norm": 0.11320754716981132}, {"id": 73, "gejala_id": 4, "weight": 0.9, "vorder": 4, "vur": 0.1792452830188679, "vur_norm": 0.15261044176706826, "credit": 1.9, "credit_norm": 0.1792452830188679}, {"id": 74, "gejala_id": 5, "weight": 0.1, "vorder": 5, "vur": 0.2358490566037736, "vur_norm": 0.20080321285140562, "credit": 1, "credit_norm": 0.09433962264150944}, {"id": 75, "gejala_id": 6, "weight": 0.5, "vorder": 6, "vur": 0.21226415094339623, "vur_norm": 0.18072289156626506, "credit": 1.5, "credit_norm": 0.14150943396226415}, {"id": 76, "gejala_id": 7, "weight": 0.8, "vorder": 7, "vur": 0.29716981132075476, "vur_norm": 0.2530120481927711, "credit": 1.8, "credit_norm": 0.169811320754717}, {"id": 77, "gejala_id": 8, "weight": 0.2, "vorder": 8, "vur": 0.11320754716981132, "vur_norm": 0.0963855421686747, "credit": 1.2, "credit_norm": 0.11320754716981132}], "nurj": 0.640625, "rur": 0.080078125, "total_VUR": 5.125, "total_vur": 1.1745283018867925, "total_vur_norm": 1.0, "nur": 0.125, "believe": 0.7764044943820225}, {"penyakit": 3, "slots": [{"id": 78, "gejala_id": 5, "weight": 0.1, "vorder": 1, "vur": 0.04728132387706856, "vur_norm": 0.037209302325581395, "credit": 1, "credit_norm": 0.10638297872340426}, {"id": 79, "gejala_id": 9, "weight": 0.2, "vorder": 2, "vur": 0.04728132387706856, "vur_norm": 0.037209302325581395, "credit": 1, "credit_norm": 0.10638297872340426}, {"id": 80, "gejala_id": 11, "weight": 0.1, "vorder": 3, "vur": 0.10638297872340426, "vur_norm": 0.08372093023255814, "credit": 1, "credit_norm": 0.10638297872340426}, {"id": 81, "gejala_id": 12, "weight": 0.7, "vorder": 4, "vur": 0.18912529550827423, "vur_norm": 0.14883720930232558, "credit": 1, "credit_norm": 0.10638297872340426}, {"id": 82, "gejala_id": 13, "weight": 0.5, "vorder": 5, "vur": 0.1773049645390071, "vur_norm": 0.13953488372093023, "credit": 1, "credit_norm": 0.10638297872340426}, {"id": 83, "gejala_id": 14, "weight": 0.5, "vorder": 6, "vur": 0.2127659574468085, "vur_norm": 0.16744186046511628, "credit": 1, "credit_norm": 0.10638297872340426}, {"id": 84, "gejala_id": 15, "weight": 0.6, "vorder": 7, "vur": 0.24822695035460995, "vur_norm": 0.19534883720930235, "credit": 1, "credit_norm": 0.10638297872340426}, {"id": 85, "gejala_id": 16, "weight": 0.1, "vorder": 8, "vur": 0.10401891252955082, "vur_norm": 0.08186046511627906, "credit": 1.1, "credit_norm": 0.11702127659574468}, {"id": 86, "gejala_id": 23, "weight": 0.3, "vorder": 9, "vur": 0.13829787234042554, "vur_norm": 0.10883720930232559, "credit": 1.3, "credit_norm": 0.13829787234042554}], "nurj": 0.9135802469135802, "rur": 0.10150891632373113, "total_VUR": 8.222222222222221, "total_vur": 1.2706855791962175, "total_vur_norm": 1.0, "nur": 0.1111111111111111, "believe": 0.28}, {"penyakit": 4, "slots": [{"id": 87, "gejala_id": 1, "weight": 0.6, "vorder": 1, "vur": 0.024691358024691357, "vur_norm": 0.017391304347826084, "credit": 1, "credit_norm": 0.1111111111111111}, {"id": 88, "gejala_id": 5, "weight": 0.1, "vorder": 2, "vur": 0.09876543209876543, "vur_norm": 0.06956521739130433, "credit": 1, "credit_norm": 0.1111111111111111}, {"id": 89, "gejala_id": 11, "weight": 0.1, "vorder": 3, "vur": 0.1111111111111111, "vur_norm": 0.07826086956521738, "credit": 1, "credit_norm": 0.1111111111111111}, {"id": 90, "gejala_id": 12, "weight": 0.7, "vorder": 4, "vur": 0.19753086419753085, "vur_norm": 0.13913043478260867, "credit": 1, "credit_norm": 0.1111111111111111}, {"id": 91, "gejala_id": 13, "weight": 0.5, "vorder": 5, "vur": 0.18518518518518517, "vur_norm": 0.13043478260869565, "credit": 1, "credit_norm": 0.1111111111111111}, {"id": 92, "gejala_id": 14, "weight": 0.5, "vorder": 6, "vur": 0.2222222222222222, "vur_norm": 0.15652173913043477, "credit": 1, "credit_norm": 0.1111111111111111}, {"id": 93, "gejala_id": 15, "weight": 0.6, "vorder": 7, "vur": 0.25925925925925924, "vur_norm": 0.18260869565217389, "credit": 1, "credit_norm": 0.1111111111111111}, {"id": 94, "gejala_id": 17, "weight": 0.8, "vorder": 8, "vur": 0.09876543209876543, "vur_norm": 0.06956521739130433, "credit": 1, "credit_norm": 0.1111111111111111}, {"id": 95, "gejala_id": 18, "weight": 0.7, "vorder": 9, "vur": 0.2222222222222222, "vur_norm": 0.15652173913043477, "credit": 1, "credit_norm": 0.1111111111111111}], "nurj": 1.2592592592592593, "rur": 0.13991769547325103, "total_VUR": 11.333333333333334, "total_vur": 1.4197530864197532, "total_vur_norm": 0.9999999999999998, "nur": 0.11111111111111109, "believe": 0}, {"penyakit": 5, "slots": [{"id": 96, "gejala_id": 2, "weight": 0.4, "vorder": 1, "vur": 0.05102040816326529, "vur_norm": 0.05119453924914674, "credit": 1, "credit_norm": 0.11904761904761904}, {"id": 97, "gejala_id": 4, "weight": 0.9, "vorder": 2, "vur": 0.12925170068027209, "vur_norm": 0.1296928327645051, "credit": 1.9, "credit_norm": 0.22619047619047616}, {"id": 98, "gejala_id": 6, "weight": 0.5, "vorder": 3, "vur": 0.15306122448979592, "vur_norm": 0.15358361774744028, "credit": 1.5, "credit_norm": 0.17857142857142858}, {"id": 99, "gejala_id": 12, "weight": 0.7, "vorder": 4, "vur": 0.27210884353741494, "vur_norm": 0.273037542662116, "credit": 1, "credit_norm": 0.11904761904761904}, {"id": 100, "gejala_id": 18, "weight": 0.7, "vorder": 5, "vur": 0.17006802721088435, "vur_norm": 0.1706484641638225, "credit": 1, "credit_norm": 0.11904761904761904}, {"id": 101, "gejala_id": 19, "weight": 0.4, "vorder": 6, "vur": 0.1020408163265306, "vur_norm": 0.1023890784982935, "credit": 1, "credit_norm": 0.11904761904761904}, {"id": 102, "gejala_id": 20, "weight": 0.9, "vorder": 7, "vur": 0.11904761904761904, "vur_norm": 0.11945392491467577, "credit": 1, "credit_norm": 0.11904761904761904}], "nurj": 1.0408163265306123, "rur": 0.14868804664723032, "total_VUR": 7.285714285714286, "total_vur": 0.9965986394557823, "total_vur_norm": 0.9999999999999999, "nur": 0.14285714285714285, "believe": 0.8056603773584906}, {"penyakit": 6, "slots": [{"id": 103, "gejala_id": 2, "weight": 0.4, "vorder": 1, "vur": 0.15625, "vur_norm": 0.1744186046511628, "credit": 1, "credit_norm": 0.20833333333333334}, {"id": 104, "gejala_id": 7, "weight": 0.8, "vorder": 2, "vur": 0.375, "vur_norm": 0.41860465116279066, "credit": 1.8, "credit_norm": 0.375}, {"id": 105, "gejala_id": 21, "weight": 0.6, "vorder": 3, "vur": 0.15625, "vur_norm": 0.1744186046511628, "credit": 1, "credit_norm": 0.20833333333333334}, {"id": 106, "gejala_id": 22, "weight": 0.8, "vorder": 4, "vur": 0.20833333333333334, "vur_norm": 0.23255813953488372, "credit": 1, "credit_norm": 0.20833333333333334}], "nurj": 0.875, "rur": 0.21875, "total_VUR": 3.5, "total_vur": 0.8958333333333334, "total_vur_norm": 0.9999999999999999, "nur": 0.24999999999999997, "believe": 0.8}], "penyakit_id": 5, "believe": 0.8056603773584906}'),
(13,	'2019-03-26 20:21:00.599307',	NULL,	7,	'{"vucr": [{"penyakit": 2, "slots": [{"id": 62, "gejala_id": 5, "weight": 0.1, "vorder": 1, "vur": 0.05555555555555555, "vur_norm": 0.03187250996015936, "credit": 1, "credit_norm": 0.1111111111111111}, {"id": 63, "gejala_id": 9, "weight": 0.2, "vorder": 2, "vur": 0.05555555555555555, "vur_norm": 0.03187250996015936, "credit": 1, "credit_norm": 0.1111111111111111}, {"id": 64, "gejala_id": 10, "weight": 0.4, "vorder": 3, "vur": 0.041666666666666664, "vur_norm": 0.02390438247011952, "credit": 1, "credit_norm": 0.1111111111111111}, {"id": 65, "gejala_id": 11, "weight": 0.1, "vorder": 4, "vur": 0.16666666666666666, "vur_norm": 0.09561752988047809, "credit": 1, "credit_norm": 0.1111111111111111}, {"id": 66, "gejala_id": 12, "weight": 0.7, "vorder": 5, "vur": 0.2777777777777778, "vur_norm": 0.1593625498007968, "credit": 1, "credit_norm": 0.1111111111111111}, {"id": 67, "gejala_id": 13, "weight": 0.5, "vorder": 6, "vur": 0.375, "vur_norm": 0.2151394422310757, "credit": 1.5, "credit_norm": 0.16666666666666666}, {"id": 68, "gejala_id": 14, "weight": 0.5, "vorder": 7, "vur": 0.4375, "vur_norm": 0.250996015936255, "credit": 1.5, "credit_norm": 0.16666666666666666}, {"id": 69, "gejala_id": 15, "weight": 0.6, "vorder": 8, "vur": 0.3333333333333333, "vur_norm": 0.19123505976095617, "credit": 1, "credit_norm": 0.1111111111111111}], "nurj": 0.5625, "rur": 0.0703125, "total_VUR": 4.5, "total_vur": 1.7430555555555556, "total_vur_norm": 1.0, "nur": 0.125, "believe": 0.5}, {"penyakit": 1, "slots": [{"id": 70, "gejala_id": 1, "weight": 0.8, "vorder": 1, "vur": 0.026595744680851064, "vur_norm": 0.023201856148491882, "credit": 1, "credit_norm": 0.10638297872340426}, {"id": 71, "gejala_id": 2, "weight": 0.4, "vorder": 2, "vur": 0.0797872340425532, "vur_norm": 0.06960556844547565, "credit": 1, "credit_norm": 0.10638297872340426}, {"id": 72, "gejala_id": 3, "weight": 0.2, "vorder": 3, "vur": 0.0398936170212766, "vur_norm": 0.034802784222737825, "credit": 1, "credit_norm": 0.10638297872340426}, {"id": 73, "gejala_id": 4, "weight": 0.9, "vorder": 4, "vur": 0.20212765957446807, "vur_norm": 0.17633410672853828, "credit": 1.9, "credit_norm": 0.20212765957446807}, {"id": 74, "gejala_id": 5, "weight": 0.1, "vorder": 5, "vur": 0.26595744680851063, "vur_norm": 0.2320185614849188, "credit": 1, "credit_norm": 0.10638297872340426}, {"id": 75, "gejala_id": 6, "weight": 0.5, "vorder": 6, "vur": 0.23936170212765956, "vur_norm": 0.2088167053364269, "credit": 1.5, "credit_norm": 0.15957446808510636}, {"id": 76, "gejala_id": 7, "weight": 0.8, "vorder": 7, "vur": 0.18617021276595744, "vur_norm": 0.16241299303944315, "credit": 1, "credit_norm": 0.10638297872340426}, {"id": 77, "gejala_id": 8, "weight": 0.2, "vorder": 8, "vur": 0.10638297872340426, "vur_norm": 0.09280742459396753, "credit": 1, "credit_norm": 0.10638297872340426}], "nurj": 0.640625, "rur": 0.080078125, "total_VUR": 5.125, "total_vur": 1.1462765957446808, "total_vur_norm": 1.0, "nur": 0.125, "believe": 0.8056603773584906}, {"penyakit": 3, "slots": [{"id": 78, "gejala_id": 5, "weight": 0.1, "vorder": 1, "vur": 0.044444444444444446, "vur_norm": 0.033195020746887974, "credit": 1, "credit_norm": 0.1}, {"id": 79, "gejala_id": 9, "weight": 0.2, "vorder": 2, "vur": 0.044444444444444446, "vur_norm": 0.033195020746887974, "credit": 1, "credit_norm": 0.1}, {"id": 80, "gejala_id": 11, "weight": 0.1, "vorder": 3, "vur": 0.1, "vur_norm": 0.07468879668049794, "credit": 1, "credit_norm": 0.1}, {"id": 81, "gejala_id": 12, "weight": 0.7, "vorder": 4, "vur": 0.17777777777777778, "vur_norm": 0.1327800829875519, "credit": 1, "credit_norm": 0.1}, {"id": 82, "gejala_id": 13, "weight": 0.5, "vorder": 5, "vur": 0.25, "vur_norm": 0.18672199170124482, "credit": 1.5, "credit_norm": 0.15}, {"id": 83, "gejala_id": 14, "weight": 0.5, "vorder": 6, "vur": 0.29999999999999993, "vur_norm": 0.22406639004149373, "credit": 1.5, "credit_norm": 0.15}, {"id": 84, "gejala_id": 15, "weight": 0.6, "vorder": 7, "vur": 0.23333333333333336, "vur_norm": 0.17427385892116187, "credit": 1, "credit_norm": 0.1}, {"id": 85, "gejala_id": 16, "weight": 0.1, "vorder": 8, "vur": 0.08888888888888889, "vur_norm": 0.06639004149377595, "credit": 1, "credit_norm": 0.1}, {"id": 86, "gejala_id": 23, "weight": 0.3, "vorder": 9, "vur": 0.1, "vur_norm": 0.07468879668049794, "credit": 1, "credit_norm": 0.1}], "nurj": 0.9135802469135802, "rur": 0.10150891632373113, "total_VUR": 8.222222222222221, "total_vur": 1.3388888888888888, "total_vur_norm": 1.0, "nur": 0.1111111111111111, "believe": 0.5}, {"penyakit": 4, "slots": [{"id": 87, "gejala_id": 1, "weight": 0.6, "vorder": 1, "vur": 0.022222222222222223, "vur_norm": 0.015209125475285173, "credit": 1, "credit_norm": 0.1}, {"id": 88, "gejala_id": 5, "weight": 0.1, "vorder": 2, "vur": 0.08888888888888889, "vur_norm": 0.06083650190114069, "credit": 1, "credit_norm": 0.1}, {"id": 89, "gejala_id": 11, "weight": 0.1, "vorder": 3, "vur": 0.1, "vur_norm": 0.06844106463878327, "credit": 1, "credit_norm": 0.1}, {"id": 90, "gejala_id": 12, "weight": 0.7, "vorder": 4, "vur": 0.17777777777777778, "vur_norm": 0.12167300380228138, "credit": 1, "credit_norm": 0.1}, {"id": 91, "gejala_id": 13, "weight": 0.5, "vorder": 5, "vur": 0.25, "vur_norm": 0.1711026615969582, "credit": 1.5, "credit_norm": 0.15}, {"id": 92, "gejala_id": 14, "weight": 0.5, "vorder": 6, "vur": 0.29999999999999993, "vur_norm": 0.2053231939163498, "credit": 1.5, "credit_norm": 0.15}, {"id": 93, "gejala_id": 15, "weight": 0.6, "vorder": 7, "vur": 0.23333333333333336, "vur_norm": 0.15969581749049433, "credit": 1, "credit_norm": 0.1}, {"id": 94, "gejala_id": 17, "weight": 0.8, "vorder": 8, "vur": 0.08888888888888889, "vur_norm": 0.06083650190114069, "credit": 1, "credit_norm": 0.1}, {"id": 95, "gejala_id": 18, "weight": 0.7, "vorder": 9, "vur": 0.2, "vur_norm": 0.13688212927756654, "credit": 1, "credit_norm": 0.1}], "nurj": 1.2592592592592593, "rur": 0.13991769547325103, "total_VUR": 11.333333333333334, "total_vur": 1.461111111111111, "total_vur_norm": 1.0, "nur": 0.1111111111111111, "believe": 0.5}, {"penyakit": 5, "slots": [{"id": 96, "gejala_id": 2, "weight": 0.4, "vorder": 1, "vur": 0.05102040816326529, "vur_norm": 0.05119453924914674, "credit": 1, "credit_norm": 0.11904761904761904}, {"id": 97, "gejala_id": 4, "weight": 0.9, "vorder": 2, "vur": 0.12925170068027209, "vur_norm": 0.1296928327645051, "credit": 1.9, "credit_norm": 0.22619047619047616}, {"id": 98, "gejala_id": 6, "weight": 0.5, "vorder": 3, "vur": 0.15306122448979592, "vur_norm": 0.15358361774744028, "credit": 1.5, "credit_norm": 0.17857142857142858}, {"id": 99, "gejala_id": 12, "weight": 0.7, "vorder": 4, "vur": 0.27210884353741494, "vur_norm": 0.273037542662116, "credit": 1, "credit_norm": 0.11904761904761904}, {"id": 100, "gejala_id": 18, "weight": 0.7, "vorder": 5, "vur": 0.17006802721088435, "vur_norm": 0.1706484641638225, "credit": 1, "credit_norm": 0.11904761904761904}, {"id": 101, "gejala_id": 19, "weight": 0.4, "vorder": 6, "vur": 0.1020408163265306, "vur_norm": 0.1023890784982935, "credit": 1, "credit_norm": 0.11904761904761904}, {"id": 102, "gejala_id": 20, "weight": 0.9, "vorder": 7, "vur": 0.11904761904761904, "vur_norm": 0.11945392491467577, "credit": 1, "credit_norm": 0.11904761904761904}], "nurj": 1.0408163265306123, "rur": 0.14868804664723032, "total_VUR": 7.285714285714286, "total_vur": 0.9965986394557823, "total_vur_norm": 0.9999999999999999, "nur": 0.14285714285714285, "believe": 0.8056603773584906}, {"penyakit": 6, "slots": [{"id": 103, "gejala_id": 2, "weight": 0.4, "vorder": 1, "vur": 0.1875, "vur_norm": 0.21428571428571427, "credit": 1, "credit_norm": 0.25}, {"id": 104, "gejala_id": 7, "weight": 0.8, "vorder": 2, "vur": 0.25, "vur_norm": 0.2857142857142857, "credit": 1, "credit_norm": 0.25}, {"id": 105, "gejala_id": 21, "weight": 0.6, "vorder": 3, "vur": 0.1875, "vur_norm": 0.21428571428571427, "credit": 1, "credit_norm": 0.25}, {"id": 106, "gejala_id": 22, "weight": 0.8, "vorder": 4, "vur": 0.25, "vur_norm": 0.2857142857142857, "credit": 1, "credit_norm": 0.25}], "nurj": 0.875, "rur": 0.21875, "total_VUR": 3.5, "total_vur": 0.875, "total_vur_norm": 1.0, "nur": 0.25, "believe": 0.8056603773584906}], "penyakit_id": 1, "believe": 0.8056603773584906}'),
(14,	'2019-03-26 20:22:59.14553',	NULL,	7,	'{"vucr": [{"penyakit": 2, "slots": [{"id": 62, "gejala_id": 5, "weight": 0.1, "vorder": 1, "vur": 0.0625, "vur_norm": 0.03773584905660377, "credit": 1, "credit_norm": 0.125}, {"id": 63, "gejala_id": 9, "weight": 0.2, "vorder": 2, "vur": 0.0625, "vur_norm": 0.03773584905660377, "credit": 1, "credit_norm": 0.125}, {"id": 64, "gejala_id": 10, "weight": 0.4, "vorder": 3, "vur": 0.046875, "vur_norm": 0.02830188679245283, "credit": 1, "credit_norm": 0.125}, {"id": 65, "gejala_id": 11, "weight": 0.1, "vorder": 4, "vur": 0.1875, "vur_norm": 0.11320754716981132, "credit": 1, "credit_norm": 0.125}, {"id": 66, "gejala_id": 12, "weight": 0.7, "vorder": 5, "vur": 0.3125, "vur_norm": 0.18867924528301888, "credit": 1, "credit_norm": 0.125}, {"id": 67, "gejala_id": 13, "weight": 0.5, "vorder": 6, "vur": 0.28125, "vur_norm": 0.16981132075471697, "credit": 1, "credit_norm": 0.125}, {"id": 68, "gejala_id": 14, "weight": 0.5, "vorder": 7, "vur": 0.328125, "vur_norm": 0.19811320754716982, "credit": 1, "credit_norm": 0.125}, {"id": 69, "gejala_id": 15, "weight": 0.6, "vorder": 8, "vur": 0.375, "vur_norm": 0.22641509433962265, "credit": 1, "credit_norm": 0.125}], "nurj": 0.5625, "rur": 0.0703125, "total_VUR": 4.5, "total_vur": 1.65625, "total_vur_norm": 1.0, "nur": 0.125, "believe": 0}, {"penyakit": 1, "slots": [{"id": 70, "gejala_id": 1, "weight": 0.8, "vorder": 1, "vur": 0.023148148148148147, "vur_norm": 0.019920318725099605, "credit": 1, "credit_norm": 0.09259259259259259}, {"id": 71, "gejala_id": 2, "weight": 0.4, "vorder": 2, "vur": 0.09722222222222221, "vur_norm": 0.08366533864541834, "credit": 1.4, "credit_norm": 0.12962962962962962}, {"id": 72, "gejala_id": 3, "weight": 0.2, "vorder": 3, "vur": 0.041666666666666664, "vur_norm": 0.03585657370517929, "credit": 1.2, "credit_norm": 0.1111111111111111}, {"id": 73, "gejala_id": 4, "weight": 0.9, "vorder": 4, "vur": 0.1759259259259259, "vur_norm": 0.15139442231075698, "credit": 1.9, "credit_norm": 0.1759259259259259}, {"id": 74, "gejala_id": 5, "weight": 0.1, "vorder": 5, "vur": 0.23148148148148145, "vur_norm": 0.19920318725099603, "credit": 1, "credit_norm": 0.09259259259259259}, {"id": 75, "gejala_id": 6, "weight": 0.5, "vorder": 6, "vur": 0.20833333333333331, "vur_norm": 0.17928286852589645, "credit": 1.5, "credit_norm": 0.13888888888888887}, {"id": 76, "gejala_id": 7, "weight": 0.8, "vorder": 7, "vur": 0.29166666666666663, "vur_norm": 0.25099601593625503, "credit": 1.8, "credit_norm": 0.16666666666666666}, {"id": 77, "gejala_id": 8, "weight": 0.2, "vorder": 8, "vur": 0.09259259259259259, "vur_norm": 0.07968127490039842, "credit": 1, "credit_norm": 0.09259259259259259}], "nurj": 0.640625, "rur": 0.080078125, "total_VUR": 5.125, "total_vur": 1.1620370370370368, "total_vur_norm": 1.0000000000000002, "nur": 0.12500000000000003, "believe": 0.7568421052631578}, {"penyakit": 3, "slots": [{"id": 78, "gejala_id": 5, "weight": 0.1, "vorder": 1, "vur": 0.04938271604938271, "vur_norm": 0.038461538461538464, "credit": 1, "credit_norm": 0.1111111111111111}, {"id": 79, "gejala_id": 9, "weight": 0.2, "vorder": 2, "vur": 0.04938271604938271, "vur_norm": 0.038461538461538464, "credit": 1, "credit_norm": 0.1111111111111111}, {"id": 80, "gejala_id": 11, "weight": 0.1, "vorder": 3, "vur": 0.1111111111111111, "vur_norm": 0.08653846153846154, "credit": 1, "credit_norm": 0.1111111111111111}, {"id": 81, "gejala_id": 12, "weight": 0.7, "vorder": 4, "vur": 0.19753086419753085, "vur_norm": 0.15384615384615385, "credit": 1, "credit_norm": 0.1111111111111111}, {"id": 82, "gejala_id": 13, "weight": 0.5, "vorder": 5, "vur": 0.18518518518518517, "vur_norm": 0.14423076923076922, "credit": 1, "credit_norm": 0.1111111111111111}, {"id": 83, "gejala_id": 14, "weight": 0.5, "vorder": 6, "vur": 0.2222222222222222, "vur_norm": 0.17307692307692307, "credit": 1, "credit_norm": 0.1111111111111111}, {"id": 84, "gejala_id": 15, "weight": 0.6, "vorder": 7, "vur": 0.25925925925925924, "vur_norm": 0.20192307692307693, "credit": 1, "credit_norm": 0.1111111111111111}, {"id": 85, "gejala_id": 16, "weight": 0.1, "vorder": 8, "vur": 0.09876543209876543, "vur_norm": 0.07692307692307693, "credit": 1, "credit_norm": 0.1111111111111111}, {"id": 86, "gejala_id": 23, "weight": 0.3, "vorder": 9, "vur": 0.1111111111111111, "vur_norm": 0.08653846153846154, "credit": 1, "credit_norm": 0.1111111111111111}], "nurj": 0.9135802469135802, "rur": 0.10150891632373113, "total_VUR": 8.222222222222221, "total_vur": 1.2839506172839505, "total_vur_norm": 0.9999999999999999, "nur": 0.1111111111111111, "believe": 0}, {"penyakit": 4, "slots": [{"id": 87, "gejala_id": 1, "weight": 0.6, "vorder": 1, "vur": 0.024691358024691357, "vur_norm": 0.017391304347826084, "credit": 1, "credit_norm": 0.1111111111111111}, {"id": 88, "gejala_id": 5, "weight": 0.1, "vorder": 2, "vur": 0.09876543209876543, "vur_norm": 0.06956521739130433, "credit": 1, "credit_norm": 0.1111111111111111}, {"id": 89, "gejala_id": 11, "weight": 0.1, "vorder": 3, "vur": 0.1111111111111111, "vur_norm": 0.07826086956521738, "credit": 1, "credit_norm": 0.1111111111111111}, {"id": 90, "gejala_id": 12, "weight": 0.7, "vorder": 4, "vur": 0.19753086419753085, "vur_norm": 0.13913043478260867, "credit": 1, "credit_norm": 0.1111111111111111}, {"id": 91, "gejala_id": 13, "weight": 0.5, "vorder": 5, "vur": 0.18518518518518517, "vur_norm": 0.13043478260869565, "credit": 1, "credit_norm": 0.1111111111111111}, {"id": 92, "gejala_id": 14, "weight": 0.5, "vorder": 6, "vur": 0.2222222222222222, "vur_norm": 0.15652173913043477, "credit": 1, "credit_norm": 0.1111111111111111}, {"id": 93, "gejala_id": 15, "weight": 0.6, "vorder": 7, "vur": 0.25925925925925924, "vur_norm": 0.18260869565217389, "credit": 1, "credit_norm": 0.1111111111111111}, {"id": 94, "gejala_id": 17, "weight": 0.8, "vorder": 8, "vur": 0.09876543209876543, "vur_norm": 0.06956521739130433, "credit": 1, "credit_norm": 0.1111111111111111}, {"id": 95, "gejala_id": 18, "weight": 0.7, "vorder": 9, "vur": 0.2222222222222222, "vur_norm": 0.15652173913043477, "credit": 1, "credit_norm": 0.1111111111111111}], "nurj": 1.2592592592592593, "rur": 0.13991769547325103, "total_VUR": 11.333333333333334, "total_vur": 1.4197530864197532, "total_vur_norm": 0.9999999999999998, "nur": 0.11111111111111109, "believe": 0}, {"penyakit": 5, "slots": [{"id": 96, "gejala_id": 2, "weight": 0.4, "vorder": 1, "vur": 0.06818181818181816, "vur_norm": 0.07023411371237456, "credit": 1.4, "credit_norm": 0.15909090909090906}, {"id": 97, "gejala_id": 4, "weight": 0.9, "vorder": 2, "vur": 0.12337662337662336, "vur_norm": 0.12709030100334448, "credit": 1.9, "credit_norm": 0.21590909090909088}, {"id": 98, "gejala_id": 6, "weight": 0.5, "vorder": 3, "vur": 0.1461038961038961, "vur_norm": 0.1505016722408027, "credit": 1.5, "credit_norm": 0.17045454545454544}, {"id": 99, "gejala_id": 12, "weight": 0.7, "vorder": 4, "vur": 0.2597402597402597, "vur_norm": 0.26755852842809363, "credit": 1, "credit_norm": 0.11363636363636363}, {"id": 100, "gejala_id": 18, "weight": 0.7, "vorder": 5, "vur": 0.16233766233766234, "vur_norm": 0.16722408026755853, "credit": 1, "credit_norm": 0.11363636363636363}, {"id": 101, "gejala_id": 19, "weight": 0.4, "vorder": 6, "vur": 0.0974025974025974, "vur_norm": 0.1003344481605351, "credit": 1, "credit_norm": 0.11363636363636363}, {"id": 102, "gejala_id": 20, "weight": 0.9, "vorder": 7, "vur": 0.11363636363636363, "vur_norm": 0.11705685618729098, "credit": 1, "credit_norm": 0.11363636363636363}], "nurj": 1.0408163265306123, "rur": 0.14868804664723032, "total_VUR": 7.285714285714286, "total_vur": 0.9707792207792207, "total_vur_norm": 1.0, "nur": 0.14285714285714285, "believe": 0.7524590163934426}, {"penyakit": 6, "slots": [{"id": 103, "gejala_id": 2, "weight": 0.4, "vorder": 1, "vur": 0.20192307692307693, "vur_norm": 0.2282608695652174, "credit": 1.4, "credit_norm": 0.2692307692307692}, {"id": 104, "gejala_id": 7, "weight": 0.8, "vorder": 2, "vur": 0.34615384615384615, "vur_norm": 0.391304347826087, "credit": 1.8, "credit_norm": 0.34615384615384615}, {"id": 105, "gejala_id": 21, "weight": 0.6, "vorder": 3, "vur": 0.14423076923076922, "vur_norm": 0.16304347826086957, "credit": 1, "credit_norm": 0.1923076923076923}, {"id": 106, "gejala_id": 22, "weight": 0.8, "vorder": 4, "vur": 0.1923076923076923, "vur_norm": 0.21739130434782608, "credit": 1, "credit_norm": 0.1923076923076923}], "nurj": 0.875, "rur": 0.21875, "total_VUR": 3.5, "total_vur": 0.8846153846153846, "total_vur_norm": 1.0000000000000002, "nur": 0.25000000000000006, "believe": 0.7200000000000002}], "penyakit_id": 1, "believe": 0.7568421052631578}'),
(15,	'2019-03-26 20:23:24.270532',	NULL,	7,	'{"vucr": [{"penyakit": 2, "slots": [{"id": 62, "gejala_id": 5, "weight": 0.1, "vorder": 1, "vur": 0.0625, "vur_norm": 0.03773584905660377, "credit": 1, "credit_norm": 0.125}, {"id": 63, "gejala_id": 9, "weight": 0.2, "vorder": 2, "vur": 0.0625, "vur_norm": 0.03773584905660377, "credit": 1, "credit_norm": 0.125}, {"id": 64, "gejala_id": 10, "weight": 0.4, "vorder": 3, "vur": 0.046875, "vur_norm": 0.02830188679245283, "credit": 1, "credit_norm": 0.125}, {"id": 65, "gejala_id": 11, "weight": 0.1, "vorder": 4, "vur": 0.1875, "vur_norm": 0.11320754716981132, "credit": 1, "credit_norm": 0.125}, {"id": 66, "gejala_id": 12, "weight": 0.7, "vorder": 5, "vur": 0.3125, "vur_norm": 0.18867924528301888, "credit": 1, "credit_norm": 0.125}, {"id": 67, "gejala_id": 13, "weight": 0.5, "vorder": 6, "vur": 0.28125, "vur_norm": 0.16981132075471697, "credit": 1, "credit_norm": 0.125}, {"id": 68, "gejala_id": 14, "weight": 0.5, "vorder": 7, "vur": 0.328125, "vur_norm": 0.19811320754716982, "credit": 1, "credit_norm": 0.125}, {"id": 69, "gejala_id": 15, "weight": 0.6, "vorder": 8, "vur": 0.375, "vur_norm": 0.22641509433962265, "credit": 1, "credit_norm": 0.125}], "nurj": 0.5625, "rur": 0.0703125, "total_VUR": 4.5, "total_vur": 1.65625, "total_vur_norm": 1.0, "nur": 0.125, "believe": 0}, {"penyakit": 1, "slots": [{"id": 70, "gejala_id": 1, "weight": 0.8, "vorder": 1, "vur": 0.03125, "vur_norm": 0.0273972602739726, "credit": 1, "credit_norm": 0.125}, {"id": 71, "gejala_id": 2, "weight": 0.4, "vorder": 2, "vur": 0.09375, "vur_norm": 0.0821917808219178, "credit": 1, "credit_norm": 0.125}, {"id": 72, "gejala_id": 3, "weight": 0.2, "vorder": 3, "vur": 0.046875, "vur_norm": 0.0410958904109589, "credit": 1, "credit_norm": 0.125}, {"id": 73, "gejala_id": 4, "weight": 0.9, "vorder": 4, "vur": 0.125, "vur_norm": 0.1095890410958904, "credit": 1, "credit_norm": 0.125}, {"id": 74, "gejala_id": 5, "weight": 0.1, "vorder": 5, "vur": 0.3125, "vur_norm": 0.273972602739726, "credit": 1, "credit_norm": 0.125}, {"id": 75, "gejala_id": 6, "weight": 0.5, "vorder": 6, "vur": 0.1875, "vur_norm": 0.1643835616438356, "credit": 1, "credit_norm": 0.125}, {"id": 76, "gejala_id": 7, "weight": 0.8, "vorder": 7, "vur": 0.21875, "vur_norm": 0.1917808219178082, "credit": 1, "credit_norm": 0.125}, {"id": 77, "gejala_id": 8, "weight": 0.2, "vorder": 8, "vur": 0.125, "vur_norm": 0.1095890410958904, "credit": 1, "credit_norm": 0.125}], "nurj": 0.640625, "rur": 0.080078125, "total_VUR": 5.125, "total_vur": 1.140625, "total_vur_norm": 0.9999999999999999, "nur": 0.12499999999999999, "believe": 0}, {"penyakit": 3, "slots": [{"id": 78, "gejala_id": 5, "weight": 0.1, "vorder": 1, "vur": 0.04938271604938271, "vur_norm": 0.038461538461538464, "credit": 1, "credit_norm": 0.1111111111111111}, {"id": 79, "gejala_id": 9, "weight": 0.2, "vorder": 2, "vur": 0.04938271604938271, "vur_norm": 0.038461538461538464, "credit": 1, "credit_norm": 0.1111111111111111}, {"id": 80, "gejala_id": 11, "weight": 0.1, "vorder": 3, "vur": 0.1111111111111111, "vur_norm": 0.08653846153846154, "credit": 1, "credit_norm": 0.1111111111111111}, {"id": 81, "gejala_id": 12, "weight": 0.7, "vorder": 4, "vur": 0.19753086419753085, "vur_norm": 0.15384615384615385, "credit": 1, "credit_norm": 0.1111111111111111}, {"id": 82, "gejala_id": 13, "weight": 0.5, "vorder": 5, "vur": 0.18518518518518517, "vur_norm": 0.14423076923076922, "credit": 1, "credit_norm": 0.1111111111111111}, {"id": 83, "gejala_id": 14, "weight": 0.5, "vorder": 6, "vur": 0.2222222222222222, "vur_norm": 0.17307692307692307, "credit": 1, "credit_norm": 0.1111111111111111}, {"id": 84, "gejala_id": 15, "weight": 0.6, "vorder": 7, "vur": 0.25925925925925924, "vur_norm": 0.20192307692307693, "credit": 1, "credit_norm": 0.1111111111111111}, {"id": 85, "gejala_id": 16, "weight": 0.1, "vorder": 8, "vur": 0.09876543209876543, "vur_norm": 0.07692307692307693, "credit": 1, "credit_norm": 0.1111111111111111}, {"id": 86, "gejala_id": 23, "weight": 0.3, "vorder": 9, "vur": 0.1111111111111111, "vur_norm": 0.08653846153846154, "credit": 1, "credit_norm": 0.1111111111111111}], "nurj": 0.9135802469135802, "rur": 0.10150891632373113, "total_VUR": 8.222222222222221, "total_vur": 1.2839506172839505, "total_vur_norm": 0.9999999999999999, "nur": 0.1111111111111111, "believe": 0}, {"penyakit": 4, "slots": [{"id": 87, "gejala_id": 1, "weight": 0.6, "vorder": 1, "vur": 0.02290950744558992, "vur_norm": 0.01567398119122257, "credit": 1, "credit_norm": 0.10309278350515465}, {"id": 88, "gejala_id": 5, "weight": 0.1, "vorder": 2, "vur": 0.09163802978235969, "vur_norm": 0.06269592476489028, "credit": 1, "credit_norm": 0.10309278350515465}, {"id": 89, "gejala_id": 11, "weight": 0.1, "vorder": 3, "vur": 0.10309278350515463, "vur_norm": 0.07053291536050156, "credit": 1, "credit_norm": 0.10309278350515465}, {"id": 90, "gejala_id": 12, "weight": 0.7, "vorder": 4, "vur": 0.18327605956471937, "vur_norm": 0.12539184952978055, "credit": 1, "credit_norm": 0.10309278350515465}, {"id": 91, "gejala_id": 13, "weight": 0.5, "vorder": 5, "vur": 0.1718213058419244, "vur_norm": 0.11755485893416927, "credit": 1, "credit_norm": 0.10309278350515465}, {"id": 92, "gejala_id": 14, "weight": 0.5, "vorder": 6, "vur": 0.20618556701030927, "vur_norm": 0.14106583072100312, "credit": 1, "credit_norm": 0.10309278350515465}, {"id": 93, "gejala_id": 15, "weight": 0.6, "vorder": 7, "vur": 0.24054982817869416, "vur_norm": 0.164576802507837, "credit": 1, "credit_norm": 0.10309278350515465}, {"id": 94, "gejala_id": 17, "weight": 0.8, "vorder": 8, "vur": 0.09163802978235969, "vur_norm": 0.06269592476489028, "credit": 1, "credit_norm": 0.10309278350515465}, {"id": 95, "gejala_id": 18, "weight": 0.7, "vorder": 9, "vur": 0.3505154639175258, "vur_norm": 0.23981191222570533, "credit": 1.7, "credit_norm": 0.1752577319587629}], "nurj": 1.2592592592592593, "rur": 0.13991769547325103, "total_VUR": 11.333333333333334, "total_vur": 1.461626575028637, "total_vur_norm": 1.0, "nur": 0.1111111111111111, "believe": 0.7}, {"penyakit": 5, "slots": [{"id": 96, "gejala_id": 2, "weight": 0.4, "vorder": 1, "vur": 0.047619047619047616, "vur_norm": 0.04431314623338257, "credit": 1, "credit_norm": 0.1111111111111111}, {"id": 97, "gejala_id": 4, "weight": 0.9, "vorder": 2, "vur": 0.06349206349206349, "vur_norm": 0.059084194977843424, "credit": 1, "credit_norm": 0.1111111111111111}, {"id": 98, "gejala_id": 6, "weight": 0.5, "vorder": 3, "vur": 0.09523809523809523, "vur_norm": 0.08862629246676514, "credit": 1, "credit_norm": 0.1111111111111111}, {"id": 99, "gejala_id": 12, "weight": 0.7, "vorder": 4, "vur": 0.25396825396825395, "vur_norm": 0.2363367799113737, "credit": 1, "credit_norm": 0.1111111111111111}, {"id": 100, "gejala_id": 18, "weight": 0.7, "vorder": 5, "vur": 0.2698412698412698, "vur_norm": 0.2511078286558346, "credit": 1.7, "credit_norm": 0.18888888888888888}, {"id": 101, "gejala_id": 19, "weight": 0.4, "vorder": 6, "vur": 0.13333333333333333, "vur_norm": 0.1240768094534712, "credit": 1.4, "credit_norm": 0.15555555555555556}, {"id": 102, "gejala_id": 20, "weight": 0.9, "vorder": 7, "vur": 0.2111111111111111, "vur_norm": 0.1964549483013294, "credit": 1.9, "credit_norm": 0.2111111111111111}], "nurj": 1.0408163265306123, "rur": 0.14868804664723032, "total_VUR": 7.285714285714286, "total_vur": 1.0746031746031746, "total_vur_norm": 1.0, "nur": 0.14285714285714285, "believe": 0.7780821917808218}, {"penyakit": 6, "slots": [{"id": 103, "gejala_id": 2, "weight": 0.4, "vorder": 1, "vur": 0.16304347826086957, "vur_norm": 0.18987341772151897, "credit": 1, "credit_norm": 0.2173913043478261}, {"id": 104, "gejala_id": 7, "weight": 0.8, "vorder": 2, "vur": 0.2173913043478261, "vur_norm": 0.25316455696202533, "credit": 1, "credit_norm": 0.2173913043478261}, {"id": 105, "gejala_id": 21, "weight": 0.6, "vorder": 3, "vur": 0.26086956521739135, "vur_norm": 0.30379746835443044, "credit": 1.6, "credit_norm": 0.3478260869565218}, {"id": 106, "gejala_id": 22, "weight": 0.8, "vorder": 4, "vur": 0.2173913043478261, "vur_norm": 0.25316455696202533, "credit": 1, "credit_norm": 0.2173913043478261}], "nurj": 0.875, "rur": 0.21875, "total_VUR": 3.5, "total_vur": 0.8586956521739131, "total_vur_norm": 1.0, "nur": 0.25, "believe": 0.6}], "penyakit_id": 5, "believe": 0.7780821917808218}'),
(16,	'2019-03-26 20:23:49.620662',	NULL,	7,	'{"vucr": [{"penyakit": 2, "slots": [{"id": 62, "gejala_id": 5, "weight": 0.1, "vorder": 1, "vur": 0.0625, "vur_norm": 0.03773584905660377, "credit": 1, "credit_norm": 0.125}, {"id": 63, "gejala_id": 9, "weight": 0.2, "vorder": 2, "vur": 0.0625, "vur_norm": 0.03773584905660377, "credit": 1, "credit_norm": 0.125}, {"id": 64, "gejala_id": 10, "weight": 0.4, "vorder": 3, "vur": 0.046875, "vur_norm": 0.02830188679245283, "credit": 1, "credit_norm": 0.125}, {"id": 65, "gejala_id": 11, "weight": 0.1, "vorder": 4, "vur": 0.1875, "vur_norm": 0.11320754716981132, "credit": 1, "credit_norm": 0.125}, {"id": 66, "gejala_id": 12, "weight": 0.7, "vorder": 5, "vur": 0.3125, "vur_norm": 0.18867924528301888, "credit": 1, "credit_norm": 0.125}, {"id": 67, "gejala_id": 13, "weight": 0.5, "vorder": 6, "vur": 0.28125, "vur_norm": 0.16981132075471697, "credit": 1, "credit_norm": 0.125}, {"id": 68, "gejala_id": 14, "weight": 0.5, "vorder": 7, "vur": 0.328125, "vur_norm": 0.19811320754716982, "credit": 1, "credit_norm": 0.125}, {"id": 69, "gejala_id": 15, "weight": 0.6, "vorder": 8, "vur": 0.375, "vur_norm": 0.22641509433962265, "credit": 1, "credit_norm": 0.125}], "nurj": 0.5625, "rur": 0.0703125, "total_VUR": 4.5, "total_vur": 1.65625, "total_vur_norm": 1.0, "nur": 0.125, "believe": 0}, {"penyakit": 1, "slots": [{"id": 70, "gejala_id": 1, "weight": 0.8, "vorder": 1, "vur": 0.02976190476190476, "vur_norm": 0.02652519893899204, "credit": 1, "credit_norm": 0.11904761904761904}, {"id": 71, "gejala_id": 2, "weight": 0.4, "vorder": 2, "vur": 0.125, "vur_norm": 0.11140583554376658, "credit": 1.4, "credit_norm": 0.16666666666666666}, {"id": 72, "gejala_id": 3, "weight": 0.2, "vorder": 3, "vur": 0.04464285714285714, "vur_norm": 0.039787798408488055, "credit": 1, "credit_norm": 0.11904761904761904}, {"id": 73, "gejala_id": 4, "weight": 0.9, "vorder": 4, "vur": 0.11904761904761904, "vur_norm": 0.10610079575596816, "credit": 1, "credit_norm": 0.11904761904761904}, {"id": 74, "gejala_id": 5, "weight": 0.1, "vorder": 5, "vur": 0.2976190476190476, "vur_norm": 0.2652519893899204, "credit": 1, "credit_norm": 0.11904761904761904}, {"id": 75, "gejala_id": 6, "weight": 0.5, "vorder": 6, "vur": 0.17857142857142855, "vur_norm": 0.15915119363395222, "credit": 1, "credit_norm": 0.11904761904761904}, {"id": 76, "gejala_id": 7, "weight": 0.8, "vorder": 7, "vur": 0.20833333333333331, "vur_norm": 0.18567639257294427, "credit": 1, "credit_norm": 0.11904761904761904}, {"id": 77, "gejala_id": 8, "weight": 0.2, "vorder": 8, "vur": 0.11904761904761904, "vur_norm": 0.10610079575596816, "credit": 1, "credit_norm": 0.11904761904761904}], "nurj": 0.640625, "rur": 0.080078125, "total_VUR": 5.125, "total_vur": 1.1220238095238095, "total_vur_norm": 0.9999999999999999, "nur": 0.12499999999999999, "believe": 0.4}, {"penyakit": 3, "slots": [{"id": 78, "gejala_id": 5, "weight": 0.1, "vorder": 1, "vur": 0.04938271604938271, "vur_norm": 0.038461538461538464, "credit": 1, "credit_norm": 0.1111111111111111}, {"id": 79, "gejala_id": 9, "weight": 0.2, "vorder": 2, "vur": 0.04938271604938271, "vur_norm": 0.038461538461538464, "credit": 1, "credit_norm": 0.1111111111111111}, {"id": 80, "gejala_id": 11, "weight": 0.1, "vorder": 3, "vur": 0.1111111111111111, "vur_norm": 0.08653846153846154, "credit": 1, "credit_norm": 0.1111111111111111}, {"id": 81, "gejala_id": 12, "weight": 0.7, "vorder": 4, "vur": 0.19753086419753085, "vur_norm": 0.15384615384615385, "credit": 1, "credit_norm": 0.1111111111111111}, {"id": 82, "gejala_id": 13, "weight": 0.5, "vorder": 5, "vur": 0.18518518518518517, "vur_norm": 0.14423076923076922, "credit": 1, "credit_norm": 0.1111111111111111}, {"id": 83, "gejala_id": 14, "weight": 0.5, "vorder": 6, "vur": 0.2222222222222222, "vur_norm": 0.17307692307692307, "credit": 1, "credit_norm": 0.1111111111111111}, {"id": 84, "gejala_id": 15, "weight": 0.6, "vorder": 7, "vur": 0.25925925925925924, "vur_norm": 0.20192307692307693, "credit": 1, "credit_norm": 0.1111111111111111}, {"id": 85, "gejala_id": 16, "weight": 0.1, "vorder": 8, "vur": 0.09876543209876543, "vur_norm": 0.07692307692307693, "credit": 1, "credit_norm": 0.1111111111111111}, {"id": 86, "gejala_id": 23, "weight": 0.3, "vorder": 9, "vur": 0.1111111111111111, "vur_norm": 0.08653846153846154, "credit": 1, "credit_norm": 0.1111111111111111}], "nurj": 0.9135802469135802, "rur": 0.10150891632373113, "total_VUR": 8.222222222222221, "total_vur": 1.2839506172839505, "total_vur_norm": 0.9999999999999999, "nur": 0.1111111111111111, "believe": 0}, {"penyakit": 4, "slots": [{"id": 87, "gejala_id": 1, "weight": 0.6, "vorder": 1, "vur": 0.02290950744558992, "vur_norm": 0.01567398119122257, "credit": 1, "credit_norm": 0.10309278350515465}, {"id": 88, "gejala_id": 5, "weight": 0.1, "vorder": 2, "vur": 0.09163802978235969, "vur_norm": 0.06269592476489028, "credit": 1, "credit_norm": 0.10309278350515465}, {"id": 89, "gejala_id": 11, "weight": 0.1, "vorder": 3, "vur": 0.10309278350515463, "vur_norm": 0.07053291536050156, "credit": 1, "credit_norm": 0.10309278350515465}, {"id": 90, "gejala_id": 12, "weight": 0.7, "vorder": 4, "vur": 0.18327605956471937, "vur_norm": 0.12539184952978055, "credit": 1, "credit_norm": 0.10309278350515465}, {"id": 91, "gejala_id": 13, "weight": 0.5, "vorder": 5, "vur": 0.1718213058419244, "vur_norm": 0.11755485893416927, "credit": 1, "credit_norm": 0.10309278350515465}, {"id": 92, "gejala_id": 14, "weight": 0.5, "vorder": 6, "vur": 0.20618556701030927, "vur_norm": 0.14106583072100312, "credit": 1, "credit_norm": 0.10309278350515465}, {"id": 93, "gejala_id": 15, "weight": 0.6, "vorder": 7, "vur": 0.24054982817869416, "vur_norm": 0.164576802507837, "credit": 1, "credit_norm": 0.10309278350515465}, {"id": 94, "gejala_id": 17, "weight": 0.8, "vorder": 8, "vur": 0.09163802978235969, "vur_norm": 0.06269592476489028, "credit": 1, "credit_norm": 0.10309278350515465}, {"id": 95, "gejala_id": 18, "weight": 0.7, "vorder": 9, "vur": 0.3505154639175258, "vur_norm": 0.23981191222570533, "credit": 1.7, "credit_norm": 0.1752577319587629}], "nurj": 1.2592592592592593, "rur": 0.13991769547325103, "total_VUR": 11.333333333333334, "total_vur": 1.461626575028637, "total_vur_norm": 1.0, "nur": 0.1111111111111111, "believe": 0.7}, {"penyakit": 5, "slots": [{"id": 96, "gejala_id": 2, "weight": 0.4, "vorder": 1, "vur": 0.07058823529411765, "vur_norm": 0.0670926517571885, "credit": 1.4, "credit_norm": 0.16470588235294117}, {"id": 97, "gejala_id": 4, "weight": 0.9, "vorder": 2, "vur": 0.06722689075630252, "vur_norm": 0.06389776357827476, "credit": 1, "credit_norm": 0.11764705882352941}, {"id": 98, "gejala_id": 6, "weight": 0.5, "vorder": 3, "vur": 0.10084033613445377, "vur_norm": 0.09584664536741212, "credit": 1, "credit_norm": 0.11764705882352941}, {"id": 99, "gejala_id": 12, "weight": 0.7, "vorder": 4, "vur": 0.2689075630252101, "vur_norm": 0.25559105431309903, "credit": 1, "credit_norm": 0.11764705882352941}, {"id": 100, "gejala_id": 18, "weight": 0.7, "vorder": 5, "vur": 0.2857142857142857, "vur_norm": 0.2715654952076677, "credit": 1.7, "credit_norm": 0.19999999999999998}, {"id": 101, "gejala_id": 19, "weight": 0.4, "vorder": 6, "vur": 0.1411764705882353, "vur_norm": 0.134185303514377, "credit": 1.4, "credit_norm": 0.16470588235294117}, {"id": 102, "gejala_id": 20, "weight": 0.9, "vorder": 7, "vur": 0.11764705882352941, "vur_norm": 0.11182108626198083, "credit": 1, "credit_norm": 0.11764705882352941}], "nurj": 1.0408163265306123, "rur": 0.14868804664723032, "total_VUR": 7.285714285714286, "total_vur": 1.0521008403361345, "total_vur_norm": 0.9999999999999999, "nur": 0.14285714285714285, "believe": 0.5814814814814815}, {"penyakit": 6, "slots": [{"id": 103, "gejala_id": 2, "weight": 0.4, "vorder": 1, "vur": 0.2386363636363636, "vur_norm": 0.2763157894736842, "credit": 1.4, "credit_norm": 0.3181818181818181}, {"id": 104, "gejala_id": 7, "weight": 0.8, "vorder": 2, "vur": 0.22727272727272727, "vur_norm": 0.26315789473684215, "credit": 1, "credit_norm": 0.22727272727272727}, {"id": 105, "gejala_id": 21, "weight": 0.6, "vorder": 3, "vur": 0.17045454545454544, "vur_norm": 0.19736842105263158, "credit": 1, "credit_norm": 0.22727272727272727}, {"id": 106, "gejala_id": 22, "weight": 0.8, "vorder": 4, "vur": 0.22727272727272727, "vur_norm": 0.26315789473684215, "credit": 1, "credit_norm": 0.22727272727272727}], "nurj": 0.875, "rur": 0.21875, "total_VUR": 3.5, "total_vur": 0.8636363636363635, "total_vur_norm": 1.0, "nur": 0.25, "believe": 0.4}], "penyakit_id": 4, "believe": 0.7}');

DROP TABLE IF EXISTS "penyakit";
DROP SEQUENCE IF EXISTS penyakit_id_seq;
CREATE SEQUENCE penyakit_id_seq INCREMENT 1 MINVALUE 1 MAXVALUE 2147483647 START 1 CACHE 1;

CREATE TABLE "public"."penyakit" (
    "id" integer DEFAULT nextval('penyakit_id_seq') NOT NULL,
    "nama" character varying(250) NOT NULL,
    "keterangan" text,
    "deleted" boolean NOT NULL,
    CONSTRAINT "penyakit_pkey" PRIMARY KEY ("id")
) WITH (oids = false);

INSERT INTO "penyakit" ("id", "nama", "keterangan", "deleted") VALUES
(1,	'karies gigi',	'karies gigi adalah kondisi saat muncul lubang pada gigi yang disebabkan oleh bakteri. kondisi ini dapat menyebabkan sakit gigi parah, infeksi dan lepasnya gigi',	'0'),
(2,	'gingivitis',	'gingivitis adalah salah satu jenis penyakit gusi yang menyebabkan iritasi, kemerahan dan pembengkakan pada gusi',	'0'),
(3,	'periodontitis',	'periodontitis adalah infeksi gusi yang serius yang merusak jaringan lunak dan tulang yang menyokong gigi',	'0'),
(4,	'abses',	'abses adalah penyakit dimana nanah yang menumpuk digigi akibat infeksi',	'0'),
(5,	'pupitis',	'pulitis adalah peradangan yang terjadi pada pulpa. pulpa merupakan jaringan yang lunak yang terbentuk dari urat dan pembuluh darah yang diselimuti oleh struktur gigi',	'0'),
(6,	'erosi gigi',	'erosi gigi adalah terkikisnya elemen gigi yang disebabkan oleh asam. elemen adalah lapisan keras pelindung gigi',	'0');

DROP TABLE IF EXISTS "rule";
DROP SEQUENCE IF EXISTS rule_id_seq;
CREATE SEQUENCE rule_id_seq INCREMENT 1 MINVALUE 1 MAXVALUE 2147483647 START 1 CACHE 1;

CREATE TABLE "public"."rule" (
    "id" integer DEFAULT nextval('rule_id_seq') NOT NULL,
    "penyakit_id" integer,
    CONSTRAINT "rule_pkey" PRIMARY KEY ("id"),
    CONSTRAINT "rule_penyakit_id_fkey" FOREIGN KEY (penyakit_id) REFERENCES penyakit(id) NOT DEFERRABLE
) WITH (oids = false);

INSERT INTO "rule" ("id", "penyakit_id") VALUES
(9,	2),
(10,	1),
(11,	3),
(12,	4),
(13,	5),
(14,	6);

DROP TABLE IF EXISTS "user";
DROP SEQUENCE IF EXISTS user_id_seq;
CREATE SEQUENCE user_id_seq INCREMENT 1 MINVALUE 1 MAXVALUE 2147483647 START 1 CACHE 1;

CREATE TABLE "public"."user" (
    "id" integer DEFAULT nextval('user_id_seq') NOT NULL,
    "username" character varying(250),
    "nama" character varying(250),
    "password" character varying(250),
    "role" character varying(250),
    CONSTRAINT "user_pkey" PRIMARY KEY ("id")
) WITH (oids = false);

INSERT INTO "user" ("id", "username", "nama", "password", "role") VALUES
(1,	'admin',	NULL,	'pbkdf2:sha256:50000$X6YO8c0d$f0735fad9f50b7abedc2a826fff84bcb19e848ddc52d189a4a98e3fc6e47efd8',	'admin'),
(2,	'admin',	NULL,	'pbkdf2:sha256:50000$8lDCNMk8$70fdc37b8ba93052d5033019e38919357d3affa6fbdf7bfa31cdf6f01b9d072e',	'admin'),
(3,	'user',	NULL,	'pbkdf2:sha256:50000$1S80Kgy6$1d85ce556079137f459c84847cf53fa80c228408a3f3a3d62440206940d334ae',	'user'),
(7,	'Yesto',	'Yesto',	NULL,	'user'),
(8,	'user',	NULL,	'pbkdf2:sha256:50000$8xPMyOIp$ce12a1e7a4563d9690e3e723aa465c4f3e3fc94eb24d27572a52dd70797128c4',	'user');

-- 2019-03-26 12:31:06.989537+00
